Nom du Produit,Note,Prix,Ventes,Lien
N/A,4.4 sur 5 étoiles.,N/A,N/A,https://www.amazon.frhttps://aax-eu.amazon.fr/x/c/RHZd5Zju9-VMfCoiDtyZtQwAAAGNys5Q4wMAAAH2AQBvbm9fdHhuX2JpZDMgICBvbm9fdHhuX2ltcDEgICBY7sQe/https://www.amazon.fr/stores/page/F3E91769-2892-4B69-B672-5B110F37BF2A/?_encoding=UTF8&store_ref=SB_A008712111JSYAUMVQ52Z-A01535072KD35ZBF5XOEA&pd_rd_plhdr=t&aaxitk=449e99e1c354ecb985ae4d3dc931583f&hsa_cr_id=5511655880302&lp_asins=B09VX5RB6N%2CB094NLN4ZJ%2CB07T42LX97&lp_query=serveur%20nas&lp_slot=auto-sparkle-hsa-tetris&ref_=sbx_be_s_sparkle_mcd_bkgd&pd_rd_w=xwAwc&content-id=amzn1.sym.fcb06097-6196-4e78-932c-0f6f89d56105%3Aamzn1.sym.fcb06097-6196-4e78-932c-0f6f89d56105&pf_rd_p=fcb06097-6196-4e78-932c-0f6f89d56105&pf_rd_r=K9GJ8P8Z1SXY1VTXYC8T&pd_rd_wg=f9f2R&pd_rd_r=47c796de-da7b-4ac6-aacb-0d2a7465e3dd
N/A,N/A,N/A,N/A,https://www.amazon.fr/gp/help/customer/display.html?nodeId=548694
TERRAMASTER F2-223 Stockage NAS 2 Baies - Haute Pe,"4,4 sur 5 étoiles","279,",203,https://www.amazon.fr/sspa/click?ie=UTF8&spc=MTo2NjcyNjM0ODYyMTUwMDUxOjE3MDg1MDQ1MzU6c3BfYXRmOjIwMDgzNjgyMDM0NTk4OjowOjo&url=%2FTERRAMASTER-F2-223-Stockage-NAS-Baies%2Fdp%2FB0BF51NX5B%2Fref%3Dsr_1_1_sspa%3Fdib%3DeyJ2IjoiMSJ9.L3l44h4Z7BC0-CiSRb0r0ldwvgBK0q7P8zlv1wJFxlMWPzpsD0gMEbDHmUkLrrHWGrM25Ado9QLgTkPLymwoj8W-a1h_PIEFsIH499e-rdyUX7qCSJV7Ud9ygFiXWDwhkYkKzgFiCTc6L5Jk7cmVBui9HTT-Ztoulnv7UfBUiOroKnpYWr5WBkOKDAGnEZpvKH9kehWR_zRjorUOA22XzZjaPcEgD44BSP_gAX18QZrUjK7_4p8K-EzN4kh5GEftvW5VrlgthvIlT8E3vUnejn3hzDZ3eq6LeH3fkkCsy5M.uBUZ2IUEgPplFDzzDtXQzM__W4XDE2k1Zi7FoSSmbog%26dib_tag%3Dse%26keywords%3Dserveur%2Bnas%26qid%3D1708504535%26sr%3D8-1-spons%26sp_csd%3Dd2lkZ2V0TmFtZT1zcF9hdGY%26psc%3D1
SanDisk Professional 24TB G-Raid Mirror Raid Disqu,N/A,"1 057,",N/A,https://www.amazon.fr/sspa/click?ie=UTF8&spc=MTo2NjcyNjM0ODYyMTUwMDUxOjE3MDg1MDQ1MzU6c3BfYXRmOjMwMDEzMjU0NDMyMzIzMjo6MDo6&url=%2FSanDisk-Professional-Ordinateur-Entreprise-Thunderbolt%2Fdp%2FB0CDTX135C%2Fref%3Dsr_1_2_sspa%3Fdib%3DeyJ2IjoiMSJ9.L3l44h4Z7BC0-CiSRb0r0ldwvgBK0q7P8zlv1wJFxlMWPzpsD0gMEbDHmUkLrrHWGrM25Ado9QLgTkPLymwoj8W-a1h_PIEFsIH499e-rdyUX7qCSJV7Ud9ygFiXWDwhkYkKzgFiCTc6L5Jk7cmVBui9HTT-Ztoulnv7UfBUiOroKnpYWr5WBkOKDAGnEZpvKH9kehWR_zRjorUOA22XzZjaPcEgD44BSP_gAX18QZrUjK7_4p8K-EzN4kh5GEftvW5VrlgthvIlT8E3vUnejn3hzDZ3eq6LeH3fkkCsy5M.uBUZ2IUEgPplFDzzDtXQzM__W4XDE2k1Zi7FoSSmbog%26dib_tag%3Dse%26keywords%3Dserveur%2Bnas%26qid%3D1708504535%26sr%3D8-2-spons%26sp_csd%3Dd2lkZ2V0TmFtZT1zcF9hdGY%26psc%3D1
TERRAMASTER T9-450 9Bay NAS Storage - Serveur de S,N/A,"1 199,",N/A,https://www.amazon.fr/sspa/click?ie=UTF8&spc=MTo2NjcyNjM0ODYyMTUwMDUxOjE3MDg1MDQ1MzU6c3BfYXRmOjIwMTY0MDk4MzIyMDk4OjowOjo&url=%2FTERRAMASTER-T9-450-9Bay-NAS-Storage%2Fdp%2FB0BXDLV68D%2Fref%3Dsr_1_3_sspa%3Fdib%3DeyJ2IjoiMSJ9.L3l44h4Z7BC0-CiSRb0r0ldwvgBK0q7P8zlv1wJFxlMWPzpsD0gMEbDHmUkLrrHWGrM25Ado9QLgTkPLymwoj8W-a1h_PIEFsIH499e-rdyUX7qCSJV7Ud9ygFiXWDwhkYkKzgFiCTc6L5Jk7cmVBui9HTT-Ztoulnv7UfBUiOroKnpYWr5WBkOKDAGnEZpvKH9kehWR_zRjorUOA22XzZjaPcEgD44BSP_gAX18QZrUjK7_4p8K-EzN4kh5GEftvW5VrlgthvIlT8E3vUnejn3hzDZ3eq6LeH3fkkCsy5M.uBUZ2IUEgPplFDzzDtXQzM__W4XDE2k1Zi7FoSSmbog%26dib_tag%3Dse%26keywords%3Dserveur%2Bnas%26qid%3D1708504535%26sr%3D8-3-spons%26sp_csd%3Dd2lkZ2V0TmFtZT1zcF9hdGY%26psc%3D1
Asustor AS5402T Nimbustor 2 Gen2 - Serveur NAS 2 B,"4,2 sur 5 étoiles","414,",37,https://www.amazon.fr/sspa/click?ie=UTF8&spc=MTo2NjcyNjM0ODYyMTUwMDUxOjE3MDg1MDQ1MzU6c3BfYXRmOjMwMDAxODg3NTc4ODkzMjo6MDo6&url=%2FAsustor-AS5402T-Nimbustor-Gen2-emplacements%2Fdp%2FB0C5MB5MTS%2Fref%3Dsr_1_4_sspa%3Fdib%3DeyJ2IjoiMSJ9.L3l44h4Z7BC0-CiSRb0r0ldwvgBK0q7P8zlv1wJFxlMWPzpsD0gMEbDHmUkLrrHWGrM25Ado9QLgTkPLymwoj8W-a1h_PIEFsIH499e-rdyUX7qCSJV7Ud9ygFiXWDwhkYkKzgFiCTc6L5Jk7cmVBui9HTT-Ztoulnv7UfBUiOroKnpYWr5WBkOKDAGnEZpvKH9kehWR_zRjorUOA22XzZjaPcEgD44BSP_gAX18QZrUjK7_4p8K-EzN4kh5GEftvW5VrlgthvIlT8E3vUnejn3hzDZ3eq6LeH3fkkCsy5M.uBUZ2IUEgPplFDzzDtXQzM__W4XDE2k1Zi7FoSSmbog%26dib_tag%3Dse%26keywords%3Dserveur%2Bnas%26qid%3D1708504535%26sr%3D8-4-spons%26sp_csd%3Dd2lkZ2V0TmFtZT1zcF9hdGY%26psc%3D1
"Synology DS120j 1 Bay Desktop NAS Enclosure, Black","4,5 sur 5 étoiles","104,",1 440,https://www.amazon.fr/Synology-DS120J-Bo%C3%AEtier-800MHz-512Mo/dp/B07YVF3Q5G/ref=ice_ac_b_dpb?dib=eyJ2IjoiMSJ9.L3l44h4Z7BC0-CiSRb0r0ldwvgBK0q7P8zlv1wJFxlMWPzpsD0gMEbDHmUkLrrHWGrM25Ado9QLgTkPLymwoj8W-a1h_PIEFsIH499e-rdyUX7qCSJV7Ud9ygFiXWDwhkYkKzgFiCTc6L5Jk7cmVBui9HTT-Ztoulnv7UfBUiOroKnpYWr5WBkOKDAGnEZpvKH9kehWR_zRjorUOA22XzZjaPcEgD44BSP_gAX18QZrUjK7_4p8K-EzN4kh5GEftvW5VrlgthvIlT8E3vUnejn3hzDZ3eq6LeH3fkkCsy5M.uBUZ2IUEgPplFDzzDtXQzM__W4XDE2k1Zi7FoSSmbog&dib_tag=se&keywords=serveur+nas&qid=1708504535&sr=8-5
"Yottamaster Serveur NAS pour 2.5"" HDD/SSD SATA, Co","4,2 sur 5 étoiles","99,",213,https://www.amazon.fr/Yottamaster-Application-Sauvegarde-Automatique-Installation/dp/B0CCDX4QR7/ref=sr_1_6?dib=eyJ2IjoiMSJ9.L3l44h4Z7BC0-CiSRb0r0ldwvgBK0q7P8zlv1wJFxlMWPzpsD0gMEbDHmUkLrrHWGrM25Ado9QLgTkPLymwoj8W-a1h_PIEFsIH499e-rdyUX7qCSJV7Ud9ygFiXWDwhkYkKzgFiCTc6L5Jk7cmVBui9HTT-Ztoulnv7UfBUiOroKnpYWr5WBkOKDAGnEZpvKH9kehWR_zRjorUOA22XzZjaPcEgD44BSP_gAX18QZrUjK7_4p8K-EzN4kh5GEftvW5VrlgthvIlT8E3vUnejn3hzDZ3eq6LeH3fkkCsy5M.uBUZ2IUEgPplFDzzDtXQzM__W4XDE2k1Zi7FoSSmbog&dib_tag=se&keywords=serveur+nas&qid=1708504535&sr=8-6
WD 12 To My Cloud EX2 Ultra NAS 2 baies - Stockage,"4,1 sur 5 étoiles","409,",7 034,https://www.amazon.fr/gp/bestsellers/computers/20631372031/ref=sr_bs_6_20631372031_1
TERRAMASTER F4-210 NAS 4 Baies Quatre cœurs 1GB Se,"4,1 sur 5 étoiles","229,",2 186,https://www.amazon.fr/sspa/click?ie=UTF8&spc=MTo1NjUxMTg5NzczOTIzMDUxOjE3MDg1MDQ1MzU6c3Bfc2VhcmNoX3RoZW1hdGljOjIwMDMxODI1MTQ2MjAxOjowOjo&url=%2FTerraMaster-F4-210-1GB-multim%25C3%25A9dia-Personnel%2Fdp%2FB07ZV7K7GX%2Fref%3Dsxin_15_pa_sp_search_thematic_sspa%3Fcontent-id%3Damzn1.sym.3ba03297-e72a-4286-8fd0-8701f98c2638%253Aamzn1.sym.3ba03297-e72a-4286-8fd0-8701f98c2638%26cv_ct_cx%3Dserveur%2Bnas%26dib%3DeyJ2IjoiMSJ9.7VentFsEapZ55KjzwRdHRm-ol7FT7ShJM7NCft9F5aVn6p5HYlu4L7OcCf8OjyfMA605vO_IaInzS9Fpb_qLxg.m49BWsb6wpNskhrwYgAWswYjPXIt5c2FqriaGDw3Ces%26dib_tag%3Dse%26keywords%3Dserveur%2Bnas%26pd_rd_i%3DB07ZV7K7GX%26pd_rd_r%3D44d3083f-e856-4a97-af40-d03c51519db8%26pd_rd_w%3DXbKst%26pd_rd_wg%3DD39km%26pf_rd_p%3D3ba03297-e72a-4286-8fd0-8701f98c2638%26pf_rd_r%3DK9GJ8P8Z1SXY1VTXYC8T%26qid%3D1708504535%26sbo%3DRZvfv%252F%252FHxDF%252BO5021pAnSA%253D%253D%26sr%3D1-1-1c0bc4f8-9a4b-47e4-b117-3d30b74c13f1-spons%26sp_csd%3Dd2lkZ2V0TmFtZT1zcF9zZWFyY2hfdGhlbWF0aWM%26psc%3D1
TERRAMASTER F4-210 NAS 4 Baies Quatre cœurs 1GB Se,"4,1 sur 5 étoiles","229,",2 186,https://www.amazon.fr/sspa/click?ie=UTF8&spc=MTo1NjUxMTg5NzczOTIzMDUxOjE3MDg1MDQ1MzU6c3Bfc2VhcmNoX3RoZW1hdGljOjIwMDMxODI1MTQ2MjAxOjowOjo&url=%2FTerraMaster-F4-210-1GB-multim%25C3%25A9dia-Personnel%2Fdp%2FB07ZV7K7GX%2Fref%3Dsxin_15_pa_sp_search_thematic_sspa%3Fcontent-id%3Damzn1.sym.3ba03297-e72a-4286-8fd0-8701f98c2638%253Aamzn1.sym.3ba03297-e72a-4286-8fd0-8701f98c2638%26cv_ct_cx%3Dserveur%2Bnas%26dib%3DeyJ2IjoiMSJ9.7VentFsEapZ55KjzwRdHRm-ol7FT7ShJM7NCft9F5aVn6p5HYlu4L7OcCf8OjyfMA605vO_IaInzS9Fpb_qLxg.m49BWsb6wpNskhrwYgAWswYjPXIt5c2FqriaGDw3Ces%26dib_tag%3Dse%26keywords%3Dserveur%2Bnas%26pd_rd_i%3DB07ZV7K7GX%26pd_rd_r%3D44d3083f-e856-4a97-af40-d03c51519db8%26pd_rd_w%3DXbKst%26pd_rd_wg%3DD39km%26pf_rd_p%3D3ba03297-e72a-4286-8fd0-8701f98c2638%26pf_rd_r%3DK9GJ8P8Z1SXY1VTXYC8T%26qid%3D1708504535%26sbo%3DRZvfv%252F%252FHxDF%252BO5021pAnSA%253D%253D%26sr%3D1-1-1c0bc4f8-9a4b-47e4-b117-3d30b74c13f1-spons%26sp_csd%3Dd2lkZ2V0TmFtZT1zcF9zZWFyY2hfdGhlbWF0aWM%26psc%3D1
TERRAMASTER F2-423 NAS 2 Baies Hautes Performances,"4,4 sur 5 étoiles","359,",203,https://www.amazon.fr/sspa/click?ie=UTF8&spc=MTo1NjUxMTg5NzczOTIzMDUxOjE3MDg1MDQ1MzU6c3Bfc2VhcmNoX3RoZW1hdGljOjIwMDUzMzM1ODAxMDk4OjoxOjo&url=%2FTERRAMASTER-Performances-processeur-Quad-Core-Stockage%2Fdp%2FB09VMWZ9R8%2Fref%3Dsxin_15_pa_sp_search_thematic_sspa%3Fcontent-id%3Damzn1.sym.3ba03297-e72a-4286-8fd0-8701f98c2638%253Aamzn1.sym.3ba03297-e72a-4286-8fd0-8701f98c2638%26cv_ct_cx%3Dserveur%2Bnas%26dib%3DeyJ2IjoiMSJ9.7VentFsEapZ55KjzwRdHRm-ol7FT7ShJM7NCft9F5aVn6p5HYlu4L7OcCf8OjyfMA605vO_IaInzS9Fpb_qLxg.m49BWsb6wpNskhrwYgAWswYjPXIt5c2FqriaGDw3Ces%26dib_tag%3Dse%26keywords%3Dserveur%2Bnas%26pd_rd_i%3DB09VMWZ9R8%26pd_rd_r%3D44d3083f-e856-4a97-af40-d03c51519db8%26pd_rd_w%3DXbKst%26pd_rd_wg%3DD39km%26pf_rd_p%3D3ba03297-e72a-4286-8fd0-8701f98c2638%26pf_rd_r%3DK9GJ8P8Z1SXY1VTXYC8T%26qid%3D1708504535%26sbo%3DRZvfv%252F%252FHxDF%252BO5021pAnSA%253D%253D%26sr%3D1-2-1c0bc4f8-9a4b-47e4-b117-3d30b74c13f1-spons%26sp_csd%3Dd2lkZ2V0TmFtZT1zcF9zZWFyY2hfdGhlbWF0aWM%26psc%3D1
WD 12 To My Cloud EX2 Ultra NAS 2 baies - Stockage,"4,1 sur 5 étoiles","409,",7 034,https://www.amazon.fr/gp/bestsellers/computers/20631372031/ref=sr_bs_2_20631372031_1
Synology DS418 8TB (4 x 2To WD RED) 4 Bay NAS de b,"4,6 sur 5 étoiles","874,",312,https://www.amazon.fr/sspa/click?ie=UTF8&spc=MTo1NjUxMTg5NzczOTIzMDUxOjE3MDg1MDQ1MzU6c3Bfc2VhcmNoX3RoZW1hdGljOjIwMTI0NzY5NDIyODk4OjozOjo&url=%2FSynology-DS418-8TB-bureau-Unit%25C3%25A9%2Fdp%2FB0765CSCTB%2Fref%3Dsxin_15_pa_sp_search_thematic_sspa%3Fcontent-id%3Damzn1.sym.3ba03297-e72a-4286-8fd0-8701f98c2638%253Aamzn1.sym.3ba03297-e72a-4286-8fd0-8701f98c2638%26cv_ct_cx%3Dserveur%2Bnas%26dib%3DeyJ2IjoiMSJ9.7VentFsEapZ55KjzwRdHRm-ol7FT7ShJM7NCft9F5aVn6p5HYlu4L7OcCf8OjyfMA605vO_IaInzS9Fpb_qLxg.m49BWsb6wpNskhrwYgAWswYjPXIt5c2FqriaGDw3Ces%26dib_tag%3Dse%26keywords%3Dserveur%2Bnas%26pd_rd_i%3DB0765CSCTB%26pd_rd_r%3D44d3083f-e856-4a97-af40-d03c51519db8%26pd_rd_w%3DXbKst%26pd_rd_wg%3DD39km%26pf_rd_p%3D3ba03297-e72a-4286-8fd0-8701f98c2638%26pf_rd_r%3DK9GJ8P8Z1SXY1VTXYC8T%26qid%3D1708504535%26sbo%3DRZvfv%252F%252FHxDF%252BO5021pAnSA%253D%253D%26sr%3D1-4-1c0bc4f8-9a4b-47e4-b117-3d30b74c13f1-spons%26sp_csd%3Dd2lkZ2V0TmFtZT1zcF9zZWFyY2hfdGhlbWF0aWM%26psc%3D1
Synology Solution NAS de Bureau DS1522+ 30 to à 5 ,"4,8 sur 5 étoiles","1 801,",105,https://www.amazon.fr/sspa/click?ie=UTF8&spc=MTo1NjUxMTg5NzczOTIzMDUxOjE3MDg1MDQ1MzU6c3Bfc2VhcmNoX3RoZW1hdGljOjIwMTI0NzY5NDE4Mjk4Ojo0Ojo&url=%2FSolution-Synology-pr%25C3%25A9install%25C3%25A9e-disques-IronWolf%2Fdp%2FB0B88713YP%2Fref%3Dsxin_15_pa_sp_search_thematic_sspa%3Fcontent-id%3Damzn1.sym.3ba03297-e72a-4286-8fd0-8701f98c2638%253Aamzn1.sym.3ba03297-e72a-4286-8fd0-8701f98c2638%26cv_ct_cx%3Dserveur%2Bnas%26dib%3DeyJ2IjoiMSJ9.7VentFsEapZ55KjzwRdHRm-ol7FT7ShJM7NCft9F5aVn6p5HYlu4L7OcCf8OjyfMA605vO_IaInzS9Fpb_qLxg.m49BWsb6wpNskhrwYgAWswYjPXIt5c2FqriaGDw3Ces%26dib_tag%3Dse%26keywords%3Dserveur%2Bnas%26pd_rd_i%3DB0B88713YP%26pd_rd_r%3D44d3083f-e856-4a97-af40-d03c51519db8%26pd_rd_w%3DXbKst%26pd_rd_wg%3DD39km%26pf_rd_p%3D3ba03297-e72a-4286-8fd0-8701f98c2638%26pf_rd_r%3DK9GJ8P8Z1SXY1VTXYC8T%26qid%3D1708504535%26sbo%3DRZvfv%252F%252FHxDF%252BO5021pAnSA%253D%253D%26sr%3D1-5-1c0bc4f8-9a4b-47e4-b117-3d30b74c13f1-spons%26sp_csd%3Dd2lkZ2V0TmFtZT1zcF9zZWFyY2hfdGhlbWF0aWM%26psc%3D1
N/A,N/A,N/A,N/A,N/A
"SYNOLOGY DS223J NAS de Bureau 2 Baies, Blanc","4,7 sur 5 étoiles","209,",161,https://www.amazon.fr/SYNOLOGY-DS223J-Bureau-Baies-Blanc/dp/B0C99TX1RM/ref=sr_1_8?dib=eyJ2IjoiMSJ9.L3l44h4Z7BC0-CiSRb0r0ldwvgBK0q7P8zlv1wJFxlMWPzpsD0gMEbDHmUkLrrHWGrM25Ado9QLgTkPLymwoj8W-a1h_PIEFsIH499e-rdyUX7qCSJV7Ud9ygFiXWDwhkYkKzgFiCTc6L5Jk7cmVBui9HTT-Ztoulnv7UfBUiOroKnpYWr5WBkOKDAGnEZpvKH9kehWR_zRjorUOA22XzZjaPcEgD44BSP_gAX18QZrUjK7_4p8K-EzN4kh5GEftvW5VrlgthvIlT8E3vUnejn3hzDZ3eq6LeH3fkkCsy5M.uBUZ2IUEgPplFDzzDtXQzM__W4XDE2k1Zi7FoSSmbog&dib_tag=se&keywords=serveur+nas&qid=1708504535&sr=8-8
Synology DS224+ BT NAS 2 EMP. 2.0/2.7 GHz 64b Quad,"4,4 sur 5 étoiles","389,",108,https://www.amazon.fr/Synology-DS224-EMP-QuadCore-USB3-2/dp/B0CBYZWF3Z/ref=sr_1_9?dib=eyJ2IjoiMSJ9.L3l44h4Z7BC0-CiSRb0r0ldwvgBK0q7P8zlv1wJFxlMWPzpsD0gMEbDHmUkLrrHWGrM25Ado9QLgTkPLymwoj8W-a1h_PIEFsIH499e-rdyUX7qCSJV7Ud9ygFiXWDwhkYkKzgFiCTc6L5Jk7cmVBui9HTT-Ztoulnv7UfBUiOroKnpYWr5WBkOKDAGnEZpvKH9kehWR_zRjorUOA22XzZjaPcEgD44BSP_gAX18QZrUjK7_4p8K-EzN4kh5GEftvW5VrlgthvIlT8E3vUnejn3hzDZ3eq6LeH3fkkCsy5M.uBUZ2IUEgPplFDzzDtXQzM__W4XDE2k1Zi7FoSSmbog&dib_tag=se&keywords=serveur+nas&qid=1708504535&sr=8-9
TERRAMASTER F2-223 Stockage NAS 2 Baies - Haute Pe,"4,4 sur 5 étoiles","279,",203,https://www.amazon.fr/TERRAMASTER-F2-223-Stockage-NAS-Baies/dp/B0BF51NX5B/ref=sr_1_10?dib=eyJ2IjoiMSJ9.L3l44h4Z7BC0-CiSRb0r0ldwvgBK0q7P8zlv1wJFxlMWPzpsD0gMEbDHmUkLrrHWGrM25Ado9QLgTkPLymwoj8W-a1h_PIEFsIH499e-rdyUX7qCSJV7Ud9ygFiXWDwhkYkKzgFiCTc6L5Jk7cmVBui9HTT-Ztoulnv7UfBUiOroKnpYWr5WBkOKDAGnEZpvKH9kehWR_zRjorUOA22XzZjaPcEgD44BSP_gAX18QZrUjK7_4p8K-EzN4kh5GEftvW5VrlgthvIlT8E3vUnejn3hzDZ3eq6LeH3fkkCsy5M.uBUZ2IUEgPplFDzzDtXQzM__W4XDE2k1Zi7FoSSmbog&dib_tag=se&keywords=serveur+nas&qid=1708504535&sr=8-10
TERRAMASTER F4-210 NAS 4 Baies Quatre cœurs 1GB Se,"4,1 sur 5 étoiles","229,",2 186,https://www.amazon.fr/TerraMaster-F4-210-1GB-multim%C3%A9dia-Personnel/dp/B07ZV7K7GX/ref=sr_1_11?dib=eyJ2IjoiMSJ9.L3l44h4Z7BC0-CiSRb0r0ldwvgBK0q7P8zlv1wJFxlMWPzpsD0gMEbDHmUkLrrHWGrM25Ado9QLgTkPLymwoj8W-a1h_PIEFsIH499e-rdyUX7qCSJV7Ud9ygFiXWDwhkYkKzgFiCTc6L5Jk7cmVBui9HTT-Ztoulnv7UfBUiOroKnpYWr5WBkOKDAGnEZpvKH9kehWR_zRjorUOA22XzZjaPcEgD44BSP_gAX18QZrUjK7_4p8K-EzN4kh5GEftvW5VrlgthvIlT8E3vUnejn3hzDZ3eq6LeH3fkkCsy5M.uBUZ2IUEgPplFDzzDtXQzM__W4XDE2k1Zi7FoSSmbog&dib_tag=se&keywords=serveur+nas&qid=1708504535&sr=8-11
"Seagate IronWolf 4To, Disque dur interne NAS HDD, ","4,5 sur 5 étoiles","116,",2 247,https://www.amazon.fr/Seagate-IronWolf-services-valables-ST4000VNZ06/dp/B09NHV3CK9/ref=sr_1_12?dib=eyJ2IjoiMSJ9.L3l44h4Z7BC0-CiSRb0r0ldwvgBK0q7P8zlv1wJFxlMWPzpsD0gMEbDHmUkLrrHWGrM25Ado9QLgTkPLymwoj8W-a1h_PIEFsIH499e-rdyUX7qCSJV7Ud9ygFiXWDwhkYkKzgFiCTc6L5Jk7cmVBui9HTT-Ztoulnv7UfBUiOroKnpYWr5WBkOKDAGnEZpvKH9kehWR_zRjorUOA22XzZjaPcEgD44BSP_gAX18QZrUjK7_4p8K-EzN4kh5GEftvW5VrlgthvIlT8E3vUnejn3hzDZ3eq6LeH3fkkCsy5M.uBUZ2IUEgPplFDzzDtXQzM__W4XDE2k1Zi7FoSSmbog&dib_tag=se&keywords=serveur+nas&qid=1708504535&sr=8-12
DS124 Boîtier NAS pour 1 DD 3.5p/2.5p 1.7GHz QuadC,"3,7 sur 5 étoiles","179,",22,https://www.amazon.fr/DS124-Bo%C3%AEtier-1-7GHz-QuadCore-USB3-2/dp/B0CBZ11HVD/ref=sr_1_13?dib=eyJ2IjoiMSJ9.L3l44h4Z7BC0-CiSRb0r0ldwvgBK0q7P8zlv1wJFxlMWPzpsD0gMEbDHmUkLrrHWGrM25Ado9QLgTkPLymwoj8W-a1h_PIEFsIH499e-rdyUX7qCSJV7Ud9ygFiXWDwhkYkKzgFiCTc6L5Jk7cmVBui9HTT-Ztoulnv7UfBUiOroKnpYWr5WBkOKDAGnEZpvKH9kehWR_zRjorUOA22XzZjaPcEgD44BSP_gAX18QZrUjK7_4p8K-EzN4kh5GEftvW5VrlgthvIlT8E3vUnejn3hzDZ3eq6LeH3fkkCsy5M.uBUZ2IUEgPplFDzzDtXQzM__W4XDE2k1Zi7FoSSmbog&dib_tag=se&keywords=serveur+nas&qid=1708504535&sr=8-13
"Synology DS220j 2 Bay Desktop NAS Enclosure, Blanc","4,6 sur 5 étoiles",N/A,3 018,https://www.amazon.fr/Synology-Disk-Station-DS220j-Ethernet/dp/B084CLC39K/ref=sr_1_14?dib=eyJ2IjoiMSJ9.L3l44h4Z7BC0-CiSRb0r0ldwvgBK0q7P8zlv1wJFxlMWPzpsD0gMEbDHmUkLrrHWGrM25Ado9QLgTkPLymwoj8W-a1h_PIEFsIH499e-rdyUX7qCSJV7Ud9ygFiXWDwhkYkKzgFiCTc6L5Jk7cmVBui9HTT-Ztoulnv7UfBUiOroKnpYWr5WBkOKDAGnEZpvKH9kehWR_zRjorUOA22XzZjaPcEgD44BSP_gAX18QZrUjK7_4p8K-EzN4kh5GEftvW5VrlgthvIlT8E3vUnejn3hzDZ3eq6LeH3fkkCsy5M.uBUZ2IUEgPplFDzzDtXQzM__W4XDE2k1Zi7FoSSmbog&dib_tag=se&keywords=serveur+nas&qid=1708504535&sr=8-14
Synology DS923+ BT NAS 4 EMP. 3.5/2.5p 2.6/3.1 GHz,"4,6 sur 5 étoiles","634,",193,https://www.amazon.fr/Synology-DS923-EMP-2-5p-DoubleCoeur/dp/B0BKPXZDCY/ref=sr_1_15?dib=eyJ2IjoiMSJ9.L3l44h4Z7BC0-CiSRb0r0ldwvgBK0q7P8zlv1wJFxlMWPzpsD0gMEbDHmUkLrrHWGrM25Ado9QLgTkPLymwoj8W-a1h_PIEFsIH499e-rdyUX7qCSJV7Ud9ygFiXWDwhkYkKzgFiCTc6L5Jk7cmVBui9HTT-Ztoulnv7UfBUiOroKnpYWr5WBkOKDAGnEZpvKH9kehWR_zRjorUOA22XzZjaPcEgD44BSP_gAX18QZrUjK7_4p8K-EzN4kh5GEftvW5VrlgthvIlT8E3vUnejn3hzDZ3eq6LeH3fkkCsy5M.uBUZ2IUEgPplFDzzDtXQzM__W4XDE2k1Zi7FoSSmbog&dib_tag=se&keywords=serveur+nas&qid=1708504535&sr=8-15
Asustor Flashstor 6 FS6706T - Serveur NAS Tout-SSD,"4,5 sur 5 étoiles","549,",104,https://www.amazon.fr/Asustor-FS6706T-Full-Flash-Baies/dp/B0BZCM22WD/ref=sr_1_16?dib=eyJ2IjoiMSJ9.L3l44h4Z7BC0-CiSRb0r0ldwvgBK0q7P8zlv1wJFxlMWPzpsD0gMEbDHmUkLrrHWGrM25Ado9QLgTkPLymwoj8W-a1h_PIEFsIH499e-rdyUX7qCSJV7Ud9ygFiXWDwhkYkKzgFiCTc6L5Jk7cmVBui9HTT-Ztoulnv7UfBUiOroKnpYWr5WBkOKDAGnEZpvKH9kehWR_zRjorUOA22XzZjaPcEgD44BSP_gAX18QZrUjK7_4p8K-EzN4kh5GEftvW5VrlgthvIlT8E3vUnejn3hzDZ3eq6LeH3fkkCsy5M.uBUZ2IUEgPplFDzzDtXQzM__W4XDE2k1Zi7FoSSmbog&dib_tag=se&keywords=serveur+nas&qid=1708504535&sr=8-16
TERRAMASTER F4-210 NAS 4 Baies Quatre cœurs 1GB Se,"4,1 sur 5 étoiles","229,",2 186,https://www.amazon.fr/sspa/click?ie=UTF8&spc=MTo2NjcyNjM0ODYyMTUwMDUxOjE3MDg1MDQ1MzU6c3BfbXRmOjIwMDMxODI1MTQ2MjAxOjowOjo&url=%2FTerraMaster-F4-210-1GB-multim%25C3%25A9dia-Personnel%2Fdp%2FB07ZV7K7GX%2Fref%3Dsr_1_17_sspa%3Fdib%3DeyJ2IjoiMSJ9.L3l44h4Z7BC0-CiSRb0r0ldwvgBK0q7P8zlv1wJFxlMWPzpsD0gMEbDHmUkLrrHWGrM25Ado9QLgTkPLymwoj8W-a1h_PIEFsIH499e-rdyUX7qCSJV7Ud9ygFiXWDwhkYkKzgFiCTc6L5Jk7cmVBui9HTT-Ztoulnv7UfBUiOroKnpYWr5WBkOKDAGnEZpvKH9kehWR_zRjorUOA22XzZjaPcEgD44BSP_gAX18QZrUjK7_4p8K-EzN4kh5GEftvW5VrlgthvIlT8E3vUnejn3hzDZ3eq6LeH3fkkCsy5M.uBUZ2IUEgPplFDzzDtXQzM__W4XDE2k1Zi7FoSSmbog%26dib_tag%3Dse%26keywords%3Dserveur%2Bnas%26qid%3D1708504535%26sr%3D8-17-spons%26sp_csd%3Dd2lkZ2V0TmFtZT1zcF9tdGY%26psc%3D1
"Asustor Xpanstor 4 AS5004U, Unité D'extension 4 Ba","3,0 sur 5 étoiles","339,",2,https://www.amazon.fr/sspa/click?ie=UTF8&spc=MTo2NjcyNjM0ODYyMTUwMDUxOjE3MDg1MDQ1MzU6c3BfbXRmOjMwMDA1MzM1NDU2MzUzMjo6MDo6&url=%2FAsustor-Xpanstor-AS5004U-Dextension-Disque%2Fdp%2FB0CCDPBYMN%2Fref%3Dsr_1_18_sspa%3Fdib%3DeyJ2IjoiMSJ9.L3l44h4Z7BC0-CiSRb0r0ldwvgBK0q7P8zlv1wJFxlMWPzpsD0gMEbDHmUkLrrHWGrM25Ado9QLgTkPLymwoj8W-a1h_PIEFsIH499e-rdyUX7qCSJV7Ud9ygFiXWDwhkYkKzgFiCTc6L5Jk7cmVBui9HTT-Ztoulnv7UfBUiOroKnpYWr5WBkOKDAGnEZpvKH9kehWR_zRjorUOA22XzZjaPcEgD44BSP_gAX18QZrUjK7_4p8K-EzN4kh5GEftvW5VrlgthvIlT8E3vUnejn3hzDZ3eq6LeH3fkkCsy5M.uBUZ2IUEgPplFDzzDtXQzM__W4XDE2k1Zi7FoSSmbog%26dib_tag%3Dse%26keywords%3Dserveur%2Bnas%26qid%3D1708504535%26sr%3D8-18-spons%26sp_csd%3Dd2lkZ2V0TmFtZT1zcF9tdGY%26psc%3D1
Asustor AS5404T Nimbustor 4 Gen2 - Serveur NAS 4 B,"4,1 sur 5 étoiles","574,",14,https://www.amazon.fr/sspa/click?ie=UTF8&spc=MTo2NjcyNjM0ODYyMTUwMDUxOjE3MDg1MDQ1MzU6c3BfbXRmOjMwMDAxODg3NTc4OTAzMjo6MDo6&url=%2FAsustor-AS5404T-Nimbustor-Gen2-emplacements%2Fdp%2FB0C5M8RMMM%2Fref%3Dsr_1_19_sspa%3Fdib%3DeyJ2IjoiMSJ9.L3l44h4Z7BC0-CiSRb0r0ldwvgBK0q7P8zlv1wJFxlMWPzpsD0gMEbDHmUkLrrHWGrM25Ado9QLgTkPLymwoj8W-a1h_PIEFsIH499e-rdyUX7qCSJV7Ud9ygFiXWDwhkYkKzgFiCTc6L5Jk7cmVBui9HTT-Ztoulnv7UfBUiOroKnpYWr5WBkOKDAGnEZpvKH9kehWR_zRjorUOA22XzZjaPcEgD44BSP_gAX18QZrUjK7_4p8K-EzN4kh5GEftvW5VrlgthvIlT8E3vUnejn3hzDZ3eq6LeH3fkkCsy5M.uBUZ2IUEgPplFDzzDtXQzM__W4XDE2k1Zi7FoSSmbog%26dib_tag%3Dse%26keywords%3Dserveur%2Bnas%26qid%3D1708504535%26sr%3D8-19-spons%26sp_csd%3Dd2lkZ2V0TmFtZT1zcF9tdGY%26psc%3D1
Asustor Drivestor AS1102T 2 Baies Serveur NAS Boît,"4,3 sur 5 étoiles","179,",406,https://www.amazon.fr/Asustor-AS1102T-1-4GHz-Quadcore-2-5GbE/dp/B094NLN4ZJ/ref=sr_1_20?dib=eyJ2IjoiMSJ9.L3l44h4Z7BC0-CiSRb0r0ldwvgBK0q7P8zlv1wJFxlMWPzpsD0gMEbDHmUkLrrHWGrM25Ado9QLgTkPLymwoj8W-a1h_PIEFsIH499e-rdyUX7qCSJV7Ud9ygFiXWDwhkYkKzgFiCTc6L5Jk7cmVBui9HTT-Ztoulnv7UfBUiOroKnpYWr5WBkOKDAGnEZpvKH9kehWR_zRjorUOA22XzZjaPcEgD44BSP_gAX18QZrUjK7_4p8K-EzN4kh5GEftvW5VrlgthvIlT8E3vUnejn3hzDZ3eq6LeH3fkkCsy5M.uBUZ2IUEgPplFDzzDtXQzM__W4XDE2k1Zi7FoSSmbog&dib_tag=se&keywords=serveur+nas&qid=1708504535&sr=8-20
QNAP TR-002 2 Bay Desktop NAS Expansion - Optional,"4,3 sur 5 étoiles","164,",229,https://www.amazon.fr/QNAP-2-Bay-NAS-TR-002/dp/B07QMZ5JGF/ref=sr_1_21?dib=eyJ2IjoiMSJ9.L3l44h4Z7BC0-CiSRb0r0ldwvgBK0q7P8zlv1wJFxlMWPzpsD0gMEbDHmUkLrrHWGrM25Ado9QLgTkPLymwoj8W-a1h_PIEFsIH499e-rdyUX7qCSJV7Ud9ygFiXWDwhkYkKzgFiCTc6L5Jk7cmVBui9HTT-Ztoulnv7UfBUiOroKnpYWr5WBkOKDAGnEZpvKH9kehWR_zRjorUOA22XzZjaPcEgD44BSP_gAX18QZrUjK7_4p8K-EzN4kh5GEftvW5VrlgthvIlT8E3vUnejn3hzDZ3eq6LeH3fkkCsy5M.uBUZ2IUEgPplFDzzDtXQzM__W4XDE2k1Zi7FoSSmbog&dib_tag=se&keywords=serveur+nas&qid=1708504535&sr=8-21
"ORICO NAS Serveur pour Disque HDD/SSD SATA 2,5 in,","3,3 sur 5 étoiles","99,",46,https://www.amazon.fr/ORICO-Sauvegarde-Intelligente-Magn%C3%A9tique-CD2510/dp/B0C53HX36R/ref=sr_1_22?dib=eyJ2IjoiMSJ9.L3l44h4Z7BC0-CiSRb0r0ldwvgBK0q7P8zlv1wJFxlMWPzpsD0gMEbDHmUkLrrHWGrM25Ado9QLgTkPLymwoj8W-a1h_PIEFsIH499e-rdyUX7qCSJV7Ud9ygFiXWDwhkYkKzgFiCTc6L5Jk7cmVBui9HTT-Ztoulnv7UfBUiOroKnpYWr5WBkOKDAGnEZpvKH9kehWR_zRjorUOA22XzZjaPcEgD44BSP_gAX18QZrUjK7_4p8K-EzN4kh5GEftvW5VrlgthvIlT8E3vUnejn3hzDZ3eq6LeH3fkkCsy5M.uBUZ2IUEgPplFDzzDtXQzM__W4XDE2k1Zi7FoSSmbog&dib_tag=se&keywords=serveur+nas&qid=1708504535&sr=8-22
"SSK SSD Externe NAS Portable 2 to, Disque SSD Exte","3,1 sur 5 étoiles","199,",6,https://www.amazon.fr/SSK-Intelligent-Sauvegarde-Automatique-Ordinateur/dp/B0CFQNFG4J/ref=sr_1_23?dib=eyJ2IjoiMSJ9.L3l44h4Z7BC0-CiSRb0r0ldwvgBK0q7P8zlv1wJFxlMWPzpsD0gMEbDHmUkLrrHWGrM25Ado9QLgTkPLymwoj8W-a1h_PIEFsIH499e-rdyUX7qCSJV7Ud9ygFiXWDwhkYkKzgFiCTc6L5Jk7cmVBui9HTT-Ztoulnv7UfBUiOroKnpYWr5WBkOKDAGnEZpvKH9kehWR_zRjorUOA22XzZjaPcEgD44BSP_gAX18QZrUjK7_4p8K-EzN4kh5GEftvW5VrlgthvIlT8E3vUnejn3hzDZ3eq6LeH3fkkCsy5M.uBUZ2IUEgPplFDzzDtXQzM__W4XDE2k1Zi7FoSSmbog&dib_tag=se&keywords=serveur+nas&qid=1708504535&sr=8-23
"SYNOLOGY DS223 2Go NAS 8To (2X 4To) WD Red+, Assem","4,5 sur 5 étoiles","665,",2,https://www.amazon.fr/Synology-DS223-Assembl%C3%A9-test%C3%A9-install%C3%A9/dp/B0BVKWR8MQ/ref=sr_1_24?dib=eyJ2IjoiMSJ9.L3l44h4Z7BC0-CiSRb0r0ldwvgBK0q7P8zlv1wJFxlMWPzpsD0gMEbDHmUkLrrHWGrM25Ado9QLgTkPLymwoj8W-a1h_PIEFsIH499e-rdyUX7qCSJV7Ud9ygFiXWDwhkYkKzgFiCTc6L5Jk7cmVBui9HTT-Ztoulnv7UfBUiOroKnpYWr5WBkOKDAGnEZpvKH9kehWR_zRjorUOA22XzZjaPcEgD44BSP_gAX18QZrUjK7_4p8K-EzN4kh5GEftvW5VrlgthvIlT8E3vUnejn3hzDZ3eq6LeH3fkkCsy5M.uBUZ2IUEgPplFDzzDtXQzM__W4XDE2k1Zi7FoSSmbog&dib_tag=se&keywords=serveur+nas&qid=1708504535&sr=8-24
Zyxel Nas 2 Baies Serveur De Stockage Personnel Cl,"3,8 sur 5 étoiles","159,",758,https://www.amazon.fr/Stockage-Personnel-Distance-Streaming-Multim%C3%A9dia/dp/B01A98WGRM/ref=sr_1_25?dib=eyJ2IjoiMSJ9.L3l44h4Z7BC0-CiSRb0r0ldwvgBK0q7P8zlv1wJFxlMWPzpsD0gMEbDHmUkLrrHWGrM25Ado9QLgTkPLymwoj8W-a1h_PIEFsIH499e-rdyUX7qCSJV7Ud9ygFiXWDwhkYkKzgFiCTc6L5Jk7cmVBui9HTT-Ztoulnv7UfBUiOroKnpYWr5WBkOKDAGnEZpvKH9kehWR_zRjorUOA22XzZjaPcEgD44BSP_gAX18QZrUjK7_4p8K-EzN4kh5GEftvW5VrlgthvIlT8E3vUnejn3hzDZ3eq6LeH3fkkCsy5M.uBUZ2IUEgPplFDzzDtXQzM__W4XDE2k1Zi7FoSSmbog&dib_tag=se&keywords=serveur+nas&qid=1708504535&sr=8-25
DS723+ NAS 2 emplacements Disques Durs DualCore 3.,"4,5 sur 5 étoiles","514,",65,https://www.amazon.fr/DS723-emplacements-Disques-DualCore-Slots/dp/B0BRYFJMH3/ref=sr_1_26?dib=eyJ2IjoiMSJ9.L3l44h4Z7BC0-CiSRb0r0ldwvgBK0q7P8zlv1wJFxlMWPzpsD0gMEbDHmUkLrrHWGrM25Ado9QLgTkPLymwoj8W-a1h_PIEFsIH499e-rdyUX7qCSJV7Ud9ygFiXWDwhkYkKzgFiCTc6L5Jk7cmVBui9HTT-Ztoulnv7UfBUiOroKnpYWr5WBkOKDAGnEZpvKH9kehWR_zRjorUOA22XzZjaPcEgD44BSP_gAX18QZrUjK7_4p8K-EzN4kh5GEftvW5VrlgthvIlT8E3vUnejn3hzDZ3eq6LeH3fkkCsy5M.uBUZ2IUEgPplFDzzDtXQzM__W4XDE2k1Zi7FoSSmbog&dib_tag=se&keywords=serveur+nas&qid=1708504535&sr=8-26
"Synology 2-Bay DS223 Realtek-RTD1619B-CPU BRAS, Wi","4,6 sur 5 étoiles","289,",88,https://www.amazon.fr/Synology-DS223-2-Bay-Realtek-RTD1619B-CPU/dp/B0BT17XFBK/ref=sr_1_27?dib=eyJ2IjoiMSJ9.L3l44h4Z7BC0-CiSRb0r0ldwvgBK0q7P8zlv1wJFxlMWPzpsD0gMEbDHmUkLrrHWGrM25Ado9QLgTkPLymwoj8W-a1h_PIEFsIH499e-rdyUX7qCSJV7Ud9ygFiXWDwhkYkKzgFiCTc6L5Jk7cmVBui9HTT-Ztoulnv7UfBUiOroKnpYWr5WBkOKDAGnEZpvKH9kehWR_zRjorUOA22XzZjaPcEgD44BSP_gAX18QZrUjK7_4p8K-EzN4kh5GEftvW5VrlgthvIlT8E3vUnejn3hzDZ3eq6LeH3fkkCsy5M.uBUZ2IUEgPplFDzzDtXQzM__W4XDE2k1Zi7FoSSmbog&dib_tag=se&keywords=serveur+nas&qid=1708504535&sr=8-27
"SABRENT Station d'accueil pour Disque Dur SATA 2,5","4,3 sur 5 étoiles","99,",13 753,https://www.amazon.fr/SABRENT-Adaptateur-Ventilateur-Alimentation-Compatible/dp/B0711L68MS/ref=sr_1_28?dib=eyJ2IjoiMSJ9.L3l44h4Z7BC0-CiSRb0r0ldwvgBK0q7P8zlv1wJFxlMWPzpsD0gMEbDHmUkLrrHWGrM25Ado9QLgTkPLymwoj8W-a1h_PIEFsIH499e-rdyUX7qCSJV7Ud9ygFiXWDwhkYkKzgFiCTc6L5Jk7cmVBui9HTT-Ztoulnv7UfBUiOroKnpYWr5WBkOKDAGnEZpvKH9kehWR_zRjorUOA22XzZjaPcEgD44BSP_gAX18QZrUjK7_4p8K-EzN4kh5GEftvW5VrlgthvIlT8E3vUnejn3hzDZ3eq6LeH3fkkCsy5M.uBUZ2IUEgPplFDzzDtXQzM__W4XDE2k1Zi7FoSSmbog&dib_tag=se&keywords=serveur+nas&qid=1708504535&sr=8-28
WD 4TB My Cloud Home Personal Cloud,"3,7 sur 5 étoiles","214,",6 727,https://www.amazon.fr/Cloud-Home-NAS-Personnel-WDBVXC0040HWT-EESN/dp/B074DXNT7T/ref=sr_1_29_mod_primary_new?dib=eyJ2IjoiMSJ9.L3l44h4Z7BC0-CiSRb0r0ldwvgBK0q7P8zlv1wJFxlMWPzpsD0gMEbDHmUkLrrHWGrM25Ado9QLgTkPLymwoj8W-a1h_PIEFsIH499e-rdyUX7qCSJV7Ud9ygFiXWDwhkYkKzgFiCTc6L5Jk7cmVBui9HTT-Ztoulnv7UfBUiOroKnpYWr5WBkOKDAGnEZpvKH9kehWR_zRjorUOA22XzZjaPcEgD44BSP_gAX18QZrUjK7_4p8K-EzN4kh5GEftvW5VrlgthvIlT8E3vUnejn3hzDZ3eq6LeH3fkkCsy5M.uBUZ2IUEgPplFDzzDtXQzM__W4XDE2k1Zi7FoSSmbog&dib_tag=se&keywords=serveur+nas&qid=1708504535&sbo=RZvfv%2F%2FHxDF%2BO5021pAnSA%3D%3D&sr=8-29
WD 4 To My Cloud EX2 Ultra NAS 2 baies - Stockage ,"4,2 sur 5 étoiles","324,",1 535,https://www.amazon.fr/WD-Cloud-Ultra-S%C3%A9rie-Expert/dp/B01BIGSSHQ/ref=sr_1_30?dib=eyJ2IjoiMSJ9.L3l44h4Z7BC0-CiSRb0r0ldwvgBK0q7P8zlv1wJFxlMWPzpsD0gMEbDHmUkLrrHWGrM25Ado9QLgTkPLymwoj8W-a1h_PIEFsIH499e-rdyUX7qCSJV7Ud9ygFiXWDwhkYkKzgFiCTc6L5Jk7cmVBui9HTT-Ztoulnv7UfBUiOroKnpYWr5WBkOKDAGnEZpvKH9kehWR_zRjorUOA22XzZjaPcEgD44BSP_gAX18QZrUjK7_4p8K-EzN4kh5GEftvW5VrlgthvIlT8E3vUnejn3hzDZ3eq6LeH3fkkCsy5M.uBUZ2IUEgPplFDzzDtXQzM__W4XDE2k1Zi7FoSSmbog&dib_tag=se&keywords=serveur+nas&qid=1708504535&sr=8-30
Synology DiskStation DS120j Serveur NAS 4TB 1 Baie,"4,4 sur 5 étoiles","226,",51,https://www.amazon.fr/Synology-DS120j-4TB-Disque-Prix/dp/B0813SVMND/ref=sr_1_31?dib=eyJ2IjoiMSJ9.L3l44h4Z7BC0-CiSRb0r0ldwvgBK0q7P8zlv1wJFxlMWPzpsD0gMEbDHmUkLrrHWGrM25Ado9QLgTkPLymwoj8W-a1h_PIEFsIH499e-rdyUX7qCSJV7Ud9ygFiXWDwhkYkKzgFiCTc6L5Jk7cmVBui9HTT-Ztoulnv7UfBUiOroKnpYWr5WBkOKDAGnEZpvKH9kehWR_zRjorUOA22XzZjaPcEgD44BSP_gAX18QZrUjK7_4p8K-EzN4kh5GEftvW5VrlgthvIlT8E3vUnejn3hzDZ3eq6LeH3fkkCsy5M.uBUZ2IUEgPplFDzzDtXQzM__W4XDE2k1Zi7FoSSmbog&dib_tag=se&keywords=serveur+nas&qid=1708504535&sr=8-31
Asustor Drivestor 2 Pro Gen2 AS3302T v2 Boîtier de,"3,0 sur 5 étoiles","299,",2,https://www.amazon.fr/sspa/click?ie=UTF8&spc=MTo2NjcyNjM0ODYyMTUwMDUxOjE3MDg1MDQ1MzU6c3BfbXRmOjMwMDEyNDE4MzQwMDEzMjo6MDo6&url=%2FAsustor-Drivestor-AS3302T-v2-Quad-Core%2Fdp%2FB0CHYPGX1M%2Fref%3Dsr_1_32_sspa%3Fdib%3DeyJ2IjoiMSJ9.L3l44h4Z7BC0-CiSRb0r0ldwvgBK0q7P8zlv1wJFxlMWPzpsD0gMEbDHmUkLrrHWGrM25Ado9QLgTkPLymwoj8W-a1h_PIEFsIH499e-rdyUX7qCSJV7Ud9ygFiXWDwhkYkKzgFiCTc6L5Jk7cmVBui9HTT-Ztoulnv7UfBUiOroKnpYWr5WBkOKDAGnEZpvKH9kehWR_zRjorUOA22XzZjaPcEgD44BSP_gAX18QZrUjK7_4p8K-EzN4kh5GEftvW5VrlgthvIlT8E3vUnejn3hzDZ3eq6LeH3fkkCsy5M.uBUZ2IUEgPplFDzzDtXQzM__W4XDE2k1Zi7FoSSmbog%26dib_tag%3Dse%26keywords%3Dserveur%2Bnas%26qid%3D1708504535%26sr%3D8-32-spons%26sp_csd%3Dd2lkZ2V0TmFtZT1zcF9tdGY%26psc%3D1
WD 12 To My Cloud EX2 Ultra NAS 2 baies - Stockage,"4,1 sur 5 étoiles","409,",7 034,https://www.amazon.fr/gp/bestsellers/computers/20631372031/ref=sr_bs_32_20631372031_1
Serveur rack Dell R630 | 8x SFF | 2x Xeon 12-Core ,N/A,"1 799,",N/A,https://www.amazon.fr/sspa/click?ie=UTF8&spc=MTo2NjcyNjM0ODYyMTUwMDUxOjE3MDg1MDQ1MzU6c3BfbXRmOjMwMDA0OTE5MDI5OTIzMjo6MDo6&url=%2FServeur-12-Core-E5-2678-reconditionn%25C3%25A9-certifi%25C3%25A9%2Fdp%2FB09N79NHWJ%2Fref%3Dsr_1_34_sspa%3Fdib%3DeyJ2IjoiMSJ9.L3l44h4Z7BC0-CiSRb0r0ldwvgBK0q7P8zlv1wJFxlMWPzpsD0gMEbDHmUkLrrHWGrM25Ado9QLgTkPLymwoj8W-a1h_PIEFsIH499e-rdyUX7qCSJV7Ud9ygFiXWDwhkYkKzgFiCTc6L5Jk7cmVBui9HTT-Ztoulnv7UfBUiOroKnpYWr5WBkOKDAGnEZpvKH9kehWR_zRjorUOA22XzZjaPcEgD44BSP_gAX18QZrUjK7_4p8K-EzN4kh5GEftvW5VrlgthvIlT8E3vUnejn3hzDZ3eq6LeH3fkkCsy5M.uBUZ2IUEgPplFDzzDtXQzM__W4XDE2k1Zi7FoSSmbog%26dib_tag%3Dse%26keywords%3Dserveur%2Bnas%26qid%3D1708504535%26sr%3D8-34-spons%26sp_csd%3Dd2lkZ2V0TmFtZT1zcF9tdGY%26psc%3D1
Serveur rack Dell R720 | 8x SFF | 2x Xeon 10-Core ,"5,0 sur 5 étoiles","999,",1,https://www.amazon.fr/sspa/click?ie=UTF8&spc=MTo2NjcyNjM0ODYyMTUwMDUxOjE3MDg1MDQ1MzU6c3BfbXRmOjMwMDAwNTY4NDE3OTYzMjo6MDo6&url=%2FServeur-10-Core-E5-2660-certifi%25C3%25A9-reconditionn%25C3%25A9%2Fdp%2FB0C6KBLRJY%2Fref%3Dsr_1_35_sspa%3Fdib%3DeyJ2IjoiMSJ9.L3l44h4Z7BC0-CiSRb0r0ldwvgBK0q7P8zlv1wJFxlMWPzpsD0gMEbDHmUkLrrHWGrM25Ado9QLgTkPLymwoj8W-a1h_PIEFsIH499e-rdyUX7qCSJV7Ud9ygFiXWDwhkYkKzgFiCTc6L5Jk7cmVBui9HTT-Ztoulnv7UfBUiOroKnpYWr5WBkOKDAGnEZpvKH9kehWR_zRjorUOA22XzZjaPcEgD44BSP_gAX18QZrUjK7_4p8K-EzN4kh5GEftvW5VrlgthvIlT8E3vUnejn3hzDZ3eq6LeH3fkkCsy5M.uBUZ2IUEgPplFDzzDtXQzM__W4XDE2k1Zi7FoSSmbog%26dib_tag%3Dse%26keywords%3Dserveur%2Bnas%26qid%3D1708504535%26sr%3D8-35-spons%26sp_csd%3Dd2lkZ2V0TmFtZT1zcF9tdGY%26psc%3D1
"ORICO Serveur NAS pour Disque Dur SATA 3,5"", Nuage","3,5 sur 5 étoiles","109,",6,https://www.amazon.fr/ORICO-Sauvegarde-Intelligente-Installation-CD3510/dp/B0C53JKKFH/ref=sr_1_36?dib=eyJ2IjoiMSJ9.L3l44h4Z7BC0-CiSRb0r0ldwvgBK0q7P8zlv1wJFxlMWPzpsD0gMEbDHmUkLrrHWGrM25Ado9QLgTkPLymwoj8W-a1h_PIEFsIH499e-rdyUX7qCSJV7Ud9ygFiXWDwhkYkKzgFiCTc6L5Jk7cmVBui9HTT-Ztoulnv7UfBUiOroKnpYWr5WBkOKDAGnEZpvKH9kehWR_zRjorUOA22XzZjaPcEgD44BSP_gAX18QZrUjK7_4p8K-EzN4kh5GEftvW5VrlgthvIlT8E3vUnejn3hzDZ3eq6LeH3fkkCsy5M.uBUZ2IUEgPplFDzzDtXQzM__W4XDE2k1Zi7FoSSmbog&dib_tag=se&keywords=serveur+nas&qid=1708504535&sr=8-36
"WD Red, Disque dur interne NAS 3.0 - 4 TB - 5400 r","4,5 sur 5 étoiles","138,",5 914,https://www.amazon.fr/Red-Disque-dur-interne-NAS/dp/B083XVY99B/ref=sr_1_37?dib=eyJ2IjoiMSJ9.L3l44h4Z7BC0-CiSRb0r0ldwvgBK0q7P8zlv1wJFxlMWPzpsD0gMEbDHmUkLrrHWGrM25Ado9QLgTkPLymwoj8W-a1h_PIEFsIH499e-rdyUX7qCSJV7Ud9ygFiXWDwhkYkKzgFiCTc6L5Jk7cmVBui9HTT-Ztoulnv7UfBUiOroKnpYWr5WBkOKDAGnEZpvKH9kehWR_zRjorUOA22XzZjaPcEgD44BSP_gAX18QZrUjK7_4p8K-EzN4kh5GEftvW5VrlgthvIlT8E3vUnejn3hzDZ3eq6LeH3fkkCsy5M.uBUZ2IUEgPplFDzzDtXQzM__W4XDE2k1Zi7FoSSmbog&dib_tag=se&keywords=serveur+nas&qid=1708504535&sr=8-37
Inateck Station d’Accueil Disque Dur RGB SATA vers,"4,4 sur 5 étoiles","42,",1 617,https://www.amazon.fr/Inateck-Station-dAccueil-Fonction-Hors-Ligne/dp/B08P75CV1Y/ref=sr_1_38?dib=eyJ2IjoiMSJ9.L3l44h4Z7BC0-CiSRb0r0ldwvgBK0q7P8zlv1wJFxlMWPzpsD0gMEbDHmUkLrrHWGrM25Ado9QLgTkPLymwoj8W-a1h_PIEFsIH499e-rdyUX7qCSJV7Ud9ygFiXWDwhkYkKzgFiCTc6L5Jk7cmVBui9HTT-Ztoulnv7UfBUiOroKnpYWr5WBkOKDAGnEZpvKH9kehWR_zRjorUOA22XzZjaPcEgD44BSP_gAX18QZrUjK7_4p8K-EzN4kh5GEftvW5VrlgthvIlT8E3vUnejn3hzDZ3eq6LeH3fkkCsy5M.uBUZ2IUEgPplFDzzDtXQzM__W4XDE2k1Zi7FoSSmbog&dib_tag=se&keywords=serveur+nas&qid=1708504535&sr=8-38
Asustor AS5402T Nimbustor 2 Gen2 - Serveur NAS 2 B,"4,2 sur 5 étoiles","414,",37,https://www.amazon.fr/Asustor-AS5402T-Nimbustor-Gen2-emplacements/dp/B0C5MB5MTS/ref=sr_1_39?dib=eyJ2IjoiMSJ9.L3l44h4Z7BC0-CiSRb0r0ldwvgBK0q7P8zlv1wJFxlMWPzpsD0gMEbDHmUkLrrHWGrM25Ado9QLgTkPLymwoj8W-a1h_PIEFsIH499e-rdyUX7qCSJV7Ud9ygFiXWDwhkYkKzgFiCTc6L5Jk7cmVBui9HTT-Ztoulnv7UfBUiOroKnpYWr5WBkOKDAGnEZpvKH9kehWR_zRjorUOA22XzZjaPcEgD44BSP_gAX18QZrUjK7_4p8K-EzN4kh5GEftvW5VrlgthvIlT8E3vUnejn3hzDZ3eq6LeH3fkkCsy5M.uBUZ2IUEgPplFDzzDtXQzM__W4XDE2k1Zi7FoSSmbog&dib_tag=se&keywords=serveur+nas&qid=1708504535&sr=8-39
Asustor Flashstor 12 FS6712X - Serveur NAS Tout-SS,"4,5 sur 5 étoiles","939,",104,https://www.amazon.fr/Asustor-FS6712X-Full-Flash-Baies/dp/B0BZCMV1QD/ref=sr_1_40?dib=eyJ2IjoiMSJ9.L3l44h4Z7BC0-CiSRb0r0ldwvgBK0q7P8zlv1wJFxlMWPzpsD0gMEbDHmUkLrrHWGrM25Ado9QLgTkPLymwoj8W-a1h_PIEFsIH499e-rdyUX7qCSJV7Ud9ygFiXWDwhkYkKzgFiCTc6L5Jk7cmVBui9HTT-Ztoulnv7UfBUiOroKnpYWr5WBkOKDAGnEZpvKH9kehWR_zRjorUOA22XzZjaPcEgD44BSP_gAX18QZrUjK7_4p8K-EzN4kh5GEftvW5VrlgthvIlT8E3vUnejn3hzDZ3eq6LeH3fkkCsy5M.uBUZ2IUEgPplFDzzDtXQzM__W4XDE2k1Zi7FoSSmbog&dib_tag=se&keywords=serveur+nas&qid=1708504535&sr=8-40
Asustor Drivestor AS1104T 4 Baies Serveur NAS Boît,"4,2 sur 5 étoiles","289,",84,https://www.amazon.fr/Asustor-Drivestor-AS1104T-Serveur-Bo%C3%AEtier/dp/B094QQ8F4J/ref=sr_1_41?dib=eyJ2IjoiMSJ9.L3l44h4Z7BC0-CiSRb0r0ldwvgBK0q7P8zlv1wJFxlMWPzpsD0gMEbDHmUkLrrHWGrM25Ado9QLgTkPLymwoj8W-a1h_PIEFsIH499e-rdyUX7qCSJV7Ud9ygFiXWDwhkYkKzgFiCTc6L5Jk7cmVBui9HTT-Ztoulnv7UfBUiOroKnpYWr5WBkOKDAGnEZpvKH9kehWR_zRjorUOA22XzZjaPcEgD44BSP_gAX18QZrUjK7_4p8K-EzN4kh5GEftvW5VrlgthvIlT8E3vUnejn3hzDZ3eq6LeH3fkkCsy5M.uBUZ2IUEgPplFDzzDtXQzM__W4XDE2k1Zi7FoSSmbog&dib_tag=se&keywords=serveur+nas&qid=1708504535&sr=8-41
Synology DS423 Solution NAS de Bureau 4 Baies,"4,7 sur 5 étoiles","406,",22,https://www.amazon.fr/Synology-DS423-Solution-Bureau-Baies/dp/B0C49YS668/ref=sr_1_42?dib=eyJ2IjoiMSJ9.L3l44h4Z7BC0-CiSRb0r0ldwvgBK0q7P8zlv1wJFxlMWPzpsD0gMEbDHmUkLrrHWGrM25Ado9QLgTkPLymwoj8W-a1h_PIEFsIH499e-rdyUX7qCSJV7Ud9ygFiXWDwhkYkKzgFiCTc6L5Jk7cmVBui9HTT-Ztoulnv7UfBUiOroKnpYWr5WBkOKDAGnEZpvKH9kehWR_zRjorUOA22XzZjaPcEgD44BSP_gAX18QZrUjK7_4p8K-EzN4kh5GEftvW5VrlgthvIlT8E3vUnejn3hzDZ3eq6LeH3fkkCsy5M.uBUZ2IUEgPplFDzzDtXQzM__W4XDE2k1Zi7FoSSmbog&dib_tag=se&keywords=serveur+nas&qid=1708504535&sr=8-42
SYNOLOGY DiskStation DS620SLIM Serveur de Stockage,"4,5 sur 5 étoiles","509,",83,https://www.amazon.fr/SYNOLOGY-DiskStation-DS620SLIM-Stockage-Ethernet/dp/B07V1JMBVQ/ref=sr_1_43?dib=eyJ2IjoiMSJ9.L3l44h4Z7BC0-CiSRb0r0ldwvgBK0q7P8zlv1wJFxlMWPzpsD0gMEbDHmUkLrrHWGrM25Ado9QLgTkPLymwoj8W-a1h_PIEFsIH499e-rdyUX7qCSJV7Ud9ygFiXWDwhkYkKzgFiCTc6L5Jk7cmVBui9HTT-Ztoulnv7UfBUiOroKnpYWr5WBkOKDAGnEZpvKH9kehWR_zRjorUOA22XzZjaPcEgD44BSP_gAX18QZrUjK7_4p8K-EzN4kh5GEftvW5VrlgthvIlT8E3vUnejn3hzDZ3eq6LeH3fkkCsy5M.uBUZ2IUEgPplFDzzDtXQzM__W4XDE2k1Zi7FoSSmbog&dib_tag=se&keywords=serveur+nas&qid=1708504535&sr=8-43
WD 0 To My Cloud Pro PR4100 Pro Serie 4-Bay Networ,"4,3 sur 5 étoiles","607,",459,https://www.amazon.fr/Cloud-Pro-PR4100-Bo%C3%AEtier-WDBNFA0000NBK-EESN/dp/B01GRFF1JQ/ref=sr_1_44?dib=eyJ2IjoiMSJ9.L3l44h4Z7BC0-CiSRb0r0ldwvgBK0q7P8zlv1wJFxlMWPzpsD0gMEbDHmUkLrrHWGrM25Ado9QLgTkPLymwoj8W-a1h_PIEFsIH499e-rdyUX7qCSJV7Ud9ygFiXWDwhkYkKzgFiCTc6L5Jk7cmVBui9HTT-Ztoulnv7UfBUiOroKnpYWr5WBkOKDAGnEZpvKH9kehWR_zRjorUOA22XzZjaPcEgD44BSP_gAX18QZrUjK7_4p8K-EzN4kh5GEftvW5VrlgthvIlT8E3vUnejn3hzDZ3eq6LeH3fkkCsy5M.uBUZ2IUEgPplFDzzDtXQzM__W4XDE2k1Zi7FoSSmbog&dib_tag=se&keywords=serveur+nas&qid=1708504535&sr=8-44
TERRAMASTER D4-300 4 Baies USB 3.1 (Gen1) Type-C S,"4,4 sur 5 étoiles","179,",485,https://www.amazon.fr/TerraMaster-D4-300-Bo%C3%AEtier-externe-rempla%C3%A7able/dp/B08CN4Z4PC/ref=sr_1_45?dib=eyJ2IjoiMSJ9.L3l44h4Z7BC0-CiSRb0r0ldwvgBK0q7P8zlv1wJFxlMWPzpsD0gMEbDHmUkLrrHWGrM25Ado9QLgTkPLymwoj8W-a1h_PIEFsIH499e-rdyUX7qCSJV7Ud9ygFiXWDwhkYkKzgFiCTc6L5Jk7cmVBui9HTT-Ztoulnv7UfBUiOroKnpYWr5WBkOKDAGnEZpvKH9kehWR_zRjorUOA22XzZjaPcEgD44BSP_gAX18QZrUjK7_4p8K-EzN4kh5GEftvW5VrlgthvIlT8E3vUnejn3hzDZ3eq6LeH3fkkCsy5M.uBUZ2IUEgPplFDzzDtXQzM__W4XDE2k1Zi7FoSSmbog&dib_tag=se&keywords=serveur+nas&qid=1708504535&sr=8-45
Asustor AS5404T Nimbustor 4 Gen2 - Serveur NAS 4 B,"4,1 sur 5 étoiles","574,",14,https://www.amazon.fr/Asustor-AS5404T-Nimbustor-Gen2-emplacements/dp/B0C5M8RMMM/ref=sr_1_46?dib=eyJ2IjoiMSJ9.L3l44h4Z7BC0-CiSRb0r0ldwvgBK0q7P8zlv1wJFxlMWPzpsD0gMEbDHmUkLrrHWGrM25Ado9QLgTkPLymwoj8W-a1h_PIEFsIH499e-rdyUX7qCSJV7Ud9ygFiXWDwhkYkKzgFiCTc6L5Jk7cmVBui9HTT-Ztoulnv7UfBUiOroKnpYWr5WBkOKDAGnEZpvKH9kehWR_zRjorUOA22XzZjaPcEgD44BSP_gAX18QZrUjK7_4p8K-EzN4kh5GEftvW5VrlgthvIlT8E3vUnejn3hzDZ3eq6LeH3fkkCsy5M.uBUZ2IUEgPplFDzzDtXQzM__W4XDE2k1Zi7FoSSmbog&dib_tag=se&keywords=serveur+nas&qid=1708504535&sr=8-46
TerraMaster F2-221 Serveur de Stockage en Nuage NA,"4,0 sur 5 étoiles","269,",561,https://www.amazon.fr/TerraMaster-F2-221-Serveur-Stockage-Dual-Core/dp/B07JNDQFM7/ref=sr_1_47?dib=eyJ2IjoiMSJ9.L3l44h4Z7BC0-CiSRb0r0ldwvgBK0q7P8zlv1wJFxlMWPzpsD0gMEbDHmUkLrrHWGrM25Ado9QLgTkPLymwoj8W-a1h_PIEFsIH499e-rdyUX7qCSJV7Ud9ygFiXWDwhkYkKzgFiCTc6L5Jk7cmVBui9HTT-Ztoulnv7UfBUiOroKnpYWr5WBkOKDAGnEZpvKH9kehWR_zRjorUOA22XzZjaPcEgD44BSP_gAX18QZrUjK7_4p8K-EzN4kh5GEftvW5VrlgthvIlT8E3vUnejn3hzDZ3eq6LeH3fkkCsy5M.uBUZ2IUEgPplFDzzDtXQzM__W4XDE2k1Zi7FoSSmbog&dib_tag=se&keywords=serveur+nas&qid=1708504535&sr=8-47
QNAP TS-233 2-Bay Desktop NAS Enclosure Quad Core ,"4,4 sur 5 étoiles","229,",187,https://www.amazon.fr/QNAP-TS-233-Enclosure-Ordinateur-Bureau/dp/B09MZBK7C8/ref=sr_1_48?dib=eyJ2IjoiMSJ9.L3l44h4Z7BC0-CiSRb0r0ldwvgBK0q7P8zlv1wJFxlMWPzpsD0gMEbDHmUkLrrHWGrM25Ado9QLgTkPLymwoj8W-a1h_PIEFsIH499e-rdyUX7qCSJV7Ud9ygFiXWDwhkYkKzgFiCTc6L5Jk7cmVBui9HTT-Ztoulnv7UfBUiOroKnpYWr5WBkOKDAGnEZpvKH9kehWR_zRjorUOA22XzZjaPcEgD44BSP_gAX18QZrUjK7_4p8K-EzN4kh5GEftvW5VrlgthvIlT8E3vUnejn3hzDZ3eq6LeH3fkkCsy5M.uBUZ2IUEgPplFDzzDtXQzM__W4XDE2k1Zi7FoSSmbog&dib_tag=se&keywords=serveur+nas&qid=1708504535&sr=8-48
FANTEC QB-35US3-6G Boîtier pour quatre disques dur,"4,3 sur 5 étoiles","158,",3 045,https://www.amazon.fr/QB-35US3-6G-Bo%C3%AEtier-disques-externes-ventilateur/dp/B00ORENYJE/ref=sr_1_49?dib=eyJ2IjoiMSJ9.L3l44h4Z7BC0-CiSRb0r0ldwvgBK0q7P8zlv1wJFxlMWPzpsD0gMEbDHmUkLrrHWGrM25Ado9QLgTkPLymwoj8W-a1h_PIEFsIH499e-rdyUX7qCSJV7Ud9ygFiXWDwhkYkKzgFiCTc6L5Jk7cmVBui9HTT-Ztoulnv7UfBUiOroKnpYWr5WBkOKDAGnEZpvKH9kehWR_zRjorUOA22XzZjaPcEgD44BSP_gAX18QZrUjK7_4p8K-EzN4kh5GEftvW5VrlgthvIlT8E3vUnejn3hzDZ3eq6LeH3fkkCsy5M.uBUZ2IUEgPplFDzzDtXQzM__W4XDE2k1Zi7FoSSmbog&dib_tag=se&keywords=serveur+nas&qid=1708504535&sr=8-49
"SYNOLOGY DS220+ 2-Bay NAS-Case Intel Windows, Sans","4,7 sur 5 étoiles",N/A,2 375,https://www.amazon.fr/Synology-DS220-SYNOLOGY-2-Bay-NAS-Case/dp/B08BS4PW1B/ref=sr_1_50?dib=eyJ2IjoiMSJ9.L3l44h4Z7BC0-CiSRb0r0ldwvgBK0q7P8zlv1wJFxlMWPzpsD0gMEbDHmUkLrrHWGrM25Ado9QLgTkPLymwoj8W-a1h_PIEFsIH499e-rdyUX7qCSJV7Ud9ygFiXWDwhkYkKzgFiCTc6L5Jk7cmVBui9HTT-Ztoulnv7UfBUiOroKnpYWr5WBkOKDAGnEZpvKH9kehWR_zRjorUOA22XzZjaPcEgD44BSP_gAX18QZrUjK7_4p8K-EzN4kh5GEftvW5VrlgthvIlT8E3vUnejn3hzDZ3eq6LeH3fkkCsy5M.uBUZ2IUEgPplFDzzDtXQzM__W4XDE2k1Zi7FoSSmbog&dib_tag=se&keywords=serveur+nas&qid=1708504535&sr=8-50
Asustor Drivestor 4 Pro AS3304T 4 Baies NAS Serveu,"4,2 sur 5 étoiles","369,",122,https://www.amazon.fr/Asustor-Drivestor-AS3304T-Serveur-Bo%C3%AEtier/dp/B08ZCMY13M/ref=sr_1_51?dib=eyJ2IjoiMSJ9.L3l44h4Z7BC0-CiSRb0r0ldwvgBK0q7P8zlv1wJFxlMWPzpsD0gMEbDHmUkLrrHWGrM25Ado9QLgTkPLymwoj8W-a1h_PIEFsIH499e-rdyUX7qCSJV7Ud9ygFiXWDwhkYkKzgFiCTc6L5Jk7cmVBui9HTT-Ztoulnv7UfBUiOroKnpYWr5WBkOKDAGnEZpvKH9kehWR_zRjorUOA22XzZjaPcEgD44BSP_gAX18QZrUjK7_4p8K-EzN4kh5GEftvW5VrlgthvIlT8E3vUnejn3hzDZ3eq6LeH3fkkCsy5M.uBUZ2IUEgPplFDzzDtXQzM__W4XDE2k1Zi7FoSSmbog&dib_tag=se&keywords=serveur+nas&qid=1708504535&sr=8-51
Silex E1335 Serveur de périphérique USB 3.0,"4,2 sur 5 étoiles","165,",96,https://www.amazon.fr/Silex-E1335-Serveur-p%C3%A9riph%C3%A9rique-USB/dp/B01G9SYGLU/ref=sr_1_52?dib=eyJ2IjoiMSJ9.L3l44h4Z7BC0-CiSRb0r0ldwvgBK0q7P8zlv1wJFxlMWPzpsD0gMEbDHmUkLrrHWGrM25Ado9QLgTkPLymwoj8W-a1h_PIEFsIH499e-rdyUX7qCSJV7Ud9ygFiXWDwhkYkKzgFiCTc6L5Jk7cmVBui9HTT-Ztoulnv7UfBUiOroKnpYWr5WBkOKDAGnEZpvKH9kehWR_zRjorUOA22XzZjaPcEgD44BSP_gAX18QZrUjK7_4p8K-EzN4kh5GEftvW5VrlgthvIlT8E3vUnejn3hzDZ3eq6LeH3fkkCsy5M.uBUZ2IUEgPplFDzzDtXQzM__W4XDE2k1Zi7FoSSmbog&dib_tag=se&keywords=serveur+nas&qid=1708504535&sr=8-52
Synology DS1522+ 5 Baies Solution NAS de Bureau 5x,"4,8 sur 5 étoiles","777,",105,https://www.amazon.fr/Synology-DS1522-Baies-Solution-Bureau/dp/B0B2RN4SJT/ref=sr_1_53_mod_primary_new?dib=eyJ2IjoiMSJ9.L3l44h4Z7BC0-CiSRb0r0ldwvgBK0q7P8zlv1wJFxlMWPzpsD0gMEbDHmUkLrrHWGrM25Ado9QLgTkPLymwoj8W-a1h_PIEFsIH499e-rdyUX7qCSJV7Ud9ygFiXWDwhkYkKzgFiCTc6L5Jk7cmVBui9HTT-Ztoulnv7UfBUiOroKnpYWr5WBkOKDAGnEZpvKH9kehWR_zRjorUOA22XzZjaPcEgD44BSP_gAX18QZrUjK7_4p8K-EzN4kh5GEftvW5VrlgthvIlT8E3vUnejn3hzDZ3eq6LeH3fkkCsy5M.uBUZ2IUEgPplFDzzDtXQzM__W4XDE2k1Zi7FoSSmbog&dib_tag=se&keywords=serveur+nas&qid=1708504535&sbo=RZvfv%2F%2FHxDF%2BO5021pAnSA%3D%3D&sr=8-53
Synology DS218 NAS 8To (2x 4To) WD Red,"4,6 sur 5 étoiles","576,",900,https://www.amazon.fr/Synology-DS218-NAS-8To-4To/dp/B07WJQR7DF/ref=sr_1_54?dib=eyJ2IjoiMSJ9.L3l44h4Z7BC0-CiSRb0r0ldwvgBK0q7P8zlv1wJFxlMWPzpsD0gMEbDHmUkLrrHWGrM25Ado9QLgTkPLymwoj8W-a1h_PIEFsIH499e-rdyUX7qCSJV7Ud9ygFiXWDwhkYkKzgFiCTc6L5Jk7cmVBui9HTT-Ztoulnv7UfBUiOroKnpYWr5WBkOKDAGnEZpvKH9kehWR_zRjorUOA22XzZjaPcEgD44BSP_gAX18QZrUjK7_4p8K-EzN4kh5GEftvW5VrlgthvIlT8E3vUnejn3hzDZ3eq6LeH3fkkCsy5M.uBUZ2IUEgPplFDzzDtXQzM__W4XDE2k1Zi7FoSSmbog&dib_tag=se&keywords=serveur+nas&qid=1708504535&sr=8-54
"DIGITUS Fast Serveur Réseau USB Ethernet, Multifon","3,3 sur 5 étoiles","73,",139,https://www.amazon.fr/DIGITUS-Serveur-multifonctions-dimpression-concentrateur/dp/B00609E9MA/ref=sr_1_55?dib=eyJ2IjoiMSJ9.L3l44h4Z7BC0-CiSRb0r0ldwvgBK0q7P8zlv1wJFxlMWPzpsD0gMEbDHmUkLrrHWGrM25Ado9QLgTkPLymwoj8W-a1h_PIEFsIH499e-rdyUX7qCSJV7Ud9ygFiXWDwhkYkKzgFiCTc6L5Jk7cmVBui9HTT-Ztoulnv7UfBUiOroKnpYWr5WBkOKDAGnEZpvKH9kehWR_zRjorUOA22XzZjaPcEgD44BSP_gAX18QZrUjK7_4p8K-EzN4kh5GEftvW5VrlgthvIlT8E3vUnejn3hzDZ3eq6LeH3fkkCsy5M.uBUZ2IUEgPplFDzzDtXQzM__W4XDE2k1Zi7FoSSmbog&dib_tag=se&keywords=serveur+nas&qid=1708504535&sr=8-55
Synology DS224+ Station de disque 2 baies NAS (Int,"4,6 sur 5 étoiles","635,",14,https://www.amazon.fr/Synology-Station-Celeron-IronWolf-ST4000VN006/dp/B0CF66JB31/ref=sr_1_56_mod_primary_new?dib=eyJ2IjoiMSJ9.L3l44h4Z7BC0-CiSRb0r0ldwvgBK0q7P8zlv1wJFxlMWPzpsD0gMEbDHmUkLrrHWGrM25Ado9QLgTkPLymwoj8W-a1h_PIEFsIH499e-rdyUX7qCSJV7Ud9ygFiXWDwhkYkKzgFiCTc6L5Jk7cmVBui9HTT-Ztoulnv7UfBUiOroKnpYWr5WBkOKDAGnEZpvKH9kehWR_zRjorUOA22XzZjaPcEgD44BSP_gAX18QZrUjK7_4p8K-EzN4kh5GEftvW5VrlgthvIlT8E3vUnejn3hzDZ3eq6LeH3fkkCsy5M.uBUZ2IUEgPplFDzzDtXQzM__W4XDE2k1Zi7FoSSmbog&dib_tag=se&keywords=serveur+nas&qid=1708504535&sbo=RZvfv%2F%2FHxDF%2BO5021pAnSA%3D%3D&sr=8-56
Asustor Drivestor 2 Pro AS3302T 2 Baies NAS Serveu,"4,3 sur 5 étoiles","259,",136,https://www.amazon.fr/Asustor-Drivestor-AS3302T-Serveur-Bo%C3%AEtier/dp/B08ZD7R72P/ref=sr_1_57?dib=eyJ2IjoiMSJ9.L3l44h4Z7BC0-CiSRb0r0ldwvgBK0q7P8zlv1wJFxlMWPzpsD0gMEbDHmUkLrrHWGrM25Ado9QLgTkPLymwoj8W-a1h_PIEFsIH499e-rdyUX7qCSJV7Ud9ygFiXWDwhkYkKzgFiCTc6L5Jk7cmVBui9HTT-Ztoulnv7UfBUiOroKnpYWr5WBkOKDAGnEZpvKH9kehWR_zRjorUOA22XzZjaPcEgD44BSP_gAX18QZrUjK7_4p8K-EzN4kh5GEftvW5VrlgthvIlT8E3vUnejn3hzDZ3eq6LeH3fkkCsy5M.uBUZ2IUEgPplFDzzDtXQzM__W4XDE2k1Zi7FoSSmbog&dib_tag=se&keywords=serveur+nas&qid=1708504535&sr=8-57
Toshiba 8TB N300 Internal Hard Drive – NAS 3.5 Inc,"4,2 sur 5 étoiles","199,",1 607,https://www.amazon.fr/Toshiba-Interne-Fonctionnement-parfait-Garantie/dp/B09B43F68X/ref=sr_1_58?dib=eyJ2IjoiMSJ9.L3l44h4Z7BC0-CiSRb0r0ldwvgBK0q7P8zlv1wJFxlMWPzpsD0gMEbDHmUkLrrHWGrM25Ado9QLgTkPLymwoj8W-a1h_PIEFsIH499e-rdyUX7qCSJV7Ud9ygFiXWDwhkYkKzgFiCTc6L5Jk7cmVBui9HTT-Ztoulnv7UfBUiOroKnpYWr5WBkOKDAGnEZpvKH9kehWR_zRjorUOA22XzZjaPcEgD44BSP_gAX18QZrUjK7_4p8K-EzN4kh5GEftvW5VrlgthvIlT8E3vUnejn3hzDZ3eq6LeH3fkkCsy5M.uBUZ2IUEgPplFDzzDtXQzM__W4XDE2k1Zi7FoSSmbog&dib_tag=se&keywords=serveur+nas&qid=1708504535&sr=8-58
Synology DiskStation DS1621+ Serveur de Stockage N,"4,7 sur 5 étoiles","1 079,",181,https://www.amazon.fr/Synology-DS1621-NAS-6-Baies/dp/B08JH22W42/ref=sr_1_59?dib=eyJ2IjoiMSJ9.L3l44h4Z7BC0-CiSRb0r0ldwvgBK0q7P8zlv1wJFxlMWPzpsD0gMEbDHmUkLrrHWGrM25Ado9QLgTkPLymwoj8W-a1h_PIEFsIH499e-rdyUX7qCSJV7Ud9ygFiXWDwhkYkKzgFiCTc6L5Jk7cmVBui9HTT-Ztoulnv7UfBUiOroKnpYWr5WBkOKDAGnEZpvKH9kehWR_zRjorUOA22XzZjaPcEgD44BSP_gAX18QZrUjK7_4p8K-EzN4kh5GEftvW5VrlgthvIlT8E3vUnejn3hzDZ3eq6LeH3fkkCsy5M.uBUZ2IUEgPplFDzzDtXQzM__W4XDE2k1Zi7FoSSmbog&dib_tag=se&keywords=serveur+nas&qid=1708504535&sr=8-59
TERRAMASTER D4-300 4 Baies USB 3.1 (Gen1) Type-C S,"4,4 sur 5 étoiles","179,",485,https://www.amazon.fr/sspa/click?ie=UTF8&spc=MTo2NjcyNjM0ODYyMTUwMDUxOjE3MDg1MDQ1MzU6c3BfYnRmOjIwMDgyMTM1OTU5NDAxOjowOjo&url=%2FTerraMaster-D4-300-Bo%25C3%25AEtier-externe-rempla%25C3%25A7able%2Fdp%2FB08CN4Z4PC%2Fref%3Dsr_1_60_sspa%3Fdib%3DeyJ2IjoiMSJ9.L3l44h4Z7BC0-CiSRb0r0ldwvgBK0q7P8zlv1wJFxlMWPzpsD0gMEbDHmUkLrrHWGrM25Ado9QLgTkPLymwoj8W-a1h_PIEFsIH499e-rdyUX7qCSJV7Ud9ygFiXWDwhkYkKzgFiCTc6L5Jk7cmVBui9HTT-Ztoulnv7UfBUiOroKnpYWr5WBkOKDAGnEZpvKH9kehWR_zRjorUOA22XzZjaPcEgD44BSP_gAX18QZrUjK7_4p8K-EzN4kh5GEftvW5VrlgthvIlT8E3vUnejn3hzDZ3eq6LeH3fkkCsy5M.uBUZ2IUEgPplFDzzDtXQzM__W4XDE2k1Zi7FoSSmbog%26dib_tag%3Dse%26keywords%3Dserveur%2Bnas%26qid%3D1708504535%26sr%3D8-60-spons%26sp_csd%3Dd2lkZ2V0TmFtZT1zcF9idGY%26psc%3D1
N/A,N/A,N/A,N/A,N/A
N/A,N/A,N/A,N/A,https://www.amazon.fr/gp/help/customer/display.html?nodeId=548694
N/A,N/A,N/A,N/A,N/A
